{"params_trainable": 159907840, "params_total": 455874560, "_timestamp": 1712154372, "_runtime": 5343, "_step": 786, "gradient_norm": 0.019056746253579886, "train/loss": 0.9858, "train/learning_rate": 0.0, "train/epoch": 1.0, "train/global_step": 625, "eval/easy_loss": 0.1472051739692688, "eval/easy_Accuracy": 0.875, "eval/easy_runtime": 5.743, "eval/easy_samples_per_second": 11.144, "eval/easy_steps_per_second": 2.786, "eval/quotes_loss": 0.10427616536617279, "eval/quotes_Accuracy": 0.84375, "eval/quotes_runtime": 5.7043, "eval/quotes_samples_per_second": 11.22, "eval/quotes_steps_per_second": 2.805, "eval/brackets_loss": 0.2043682187795639, "eval/brackets_Accuracy": 0.796875, "eval/brackets_runtime": 5.8444, "eval/brackets_samples_per_second": 10.951, "eval/brackets_steps_per_second": 2.738, "train/train_runtime": 3193.6405, "train/train_samples_per_second": 3.131, "train/train_steps_per_second": 0.196, "train/total_flos": 7.473034626092237e+16, "train/train_loss": 0.9183553486824035, "generations": {"_type": "table-file", "sha256": "97ce5d344d275e35599a4d5b57a66e0cefdd067784c118a29790dc28caffcd06", "size": 116231, "path": "media/table/generations_786_97ce5d344d275e35599a.table.json", "ncols": 2, "nrows": 80}, "_wandb": {"runtime": 5347}}